﻿Designator,Footprint,Quantity,Value,LCSC Part #
"BT1, BT2",BAT-TH_BS-02-A1AK006,2,BS-02-A1AK006,C964746
"C1, C10, C2, C3, C4, C5, C6, C7, C8, C9",0603,10,10uF,C19702
J1,PinSocket_1x06_P2.54mm_Vertical,1,Conn_01x06,
"LED1, LED2, LED3, LED4, LED5, LED6, LED7, LED8, LED9",LED-TH_4P-BD5.8-P1.30,9,WS2812D-F5,C190565
R1,0603,1,300,C114617
U1,COMM-SMD_ESP-WROOM-32D,1,ESP-WROOM-32E,C19949066
U2,SOT-223-3_L6.5-W3.4-P2.30-LS7.0-BR,1,AZ1117H-3.3TRG1,C110474
U3,SOT-223_L6.7-W3.5-P2.30-BR,1,AMS1117-5.0_C347223,C347223
